,created,subscribers,public_description
AskReddit,2008-01-25 03:52:15,11001063,/r/AskReddit is the place to ask and answer thought-provoking questions.
ask,2008-03-21 16:36:00,6247,
askscience,2008-09-05 08:32:44,7903625,"Ask a science question, get a science answer."
asktransgender,2009-08-08 17:08:51,25026,"Transgender questions, transgender answers."
AskWomen,2010-07-17 01:42:31,237966,"AskWomen: Your window into the female mind. This is a subreddit dedicated to asking women questions about behavior, anatomy, habits or anything else that might baffle you. We welcome inquiries from everyone into the mysteries of the feminine.  
Our mission is to provide a place where all women can comfortably and candidly present their viewpoints for community discussion in a non-judgmental space. "
AskMen,2010-08-30 07:08:26,235403,**TL;DR don't be an asshole**
askseddit,2010-12-09 02:06:05,16728,
askdrugs,2010-12-20 03:23:21,11041,
TrueAskReddit,2010-12-31 14:14:00,74737,"/r/TrueAskReddit is a subreddit for intelligent discussion about interesting issues. Low effort comments, memes, jokes and trolls beware!"
AskHistory,2011-01-20 12:26:33,10452,
AskAcademia,2011-01-25 22:21:03,22307,
askphilosophy,2011-02-21 19:17:41,37061,
AskElectronics,2011-03-24 06:09:11,22074,A subreddit for technical electronics/circuits questions. 
AskEngineers,2011-03-28 00:09:03,48341,"Engineers apply the knowledge of science and math to build maintainable systems and devices to solve problems. AskEngineers is a forum for questions about the processes and standards used to build them, as well as for questions about the engineering profession and its many disciplines."
AskComputerScience,2011-05-11 21:58:31,14680,
AskStatistics,2011-05-26 01:35:06,5873,
AskScienceFiction,2011-07-01 16:57:52,60366,"It's like Ask Science, but for all universes other than our own. Or as **fanlore.org** calls it [Watsonian point of view](http://fanlore.org/wiki/Watsonian_vs._Doylist)"
askmusic,2011-07-07 08:35:00,148,"A place for all your music questions. Any questions, DAEs, requests for song suggestions, sharing your favorite bands, etc. is welcome."
AskSocialScience,2011-07-09 07:28:37,56640,For questions and answers grounded in Social Science.
AskFeminists,2011-07-26 20:33:22,8660,
AskSciTech,2011-08-19 16:50:43,2161,
AskHistorians,2011-08-28 06:07:30,472584,Questions about the past: answered!
askfuneraldirectors,2011-09-01 20:02:57,2130,"A place to ask questions or post info about Funerals, Embalming, Cemeteries, or anything in the Death Care Industry."
AskPhysics,2011-09-08 18:28:07,9285,"A subreddit to draw simple physics questions away from /r/physics.  No real rules; ask away.  

If your basic physics question isn't answered in a day, you can post it to /r/physics if you mention that you didn't get an answer on /r/AskPhysics (unless it's a homework-related physics question).  "
AskNetsec,2011-11-16 10:47:17,15456,
